feature	coefficient
per_gop	-0.06231981248498204
per_BIPOC	-0.024902398673135488
per_uninsured	-0.010600634070491603
primarycarephysicians_ratio	-0.007233904288053277
per_18andyounger	0.006980547866592722
med_household_income	0.006831469198260704
per_somecollege	0.005662084209432017
per_broadband	0.005380252368499471
per_unemployed	0.003974144375495155
